loc_id,old_villeId,new_villeId,old_NCCENR,new_NCCENR
1,33231.0,37315,Chaville,Chaville
2,33443.0,37528,Luzarches,Luzarches
3,33401.0,37487,Ecouen,Écouen
4,33423.0,37508,Goussainville,Goussainville
5,33443.0,37528,Luzarches,Luzarches
6,37560.0,31671,Paris 12,Paris 12e Arrondissement
7,29371.0,33007,Celle-Saint-Cloud,Celle-Saint-Cloud
8,33523.0,37608,Villeron,Villeron
9,33248.0,37333,Puteaux,Puteaux
10,33526.0,37611,Villiers-le-Bel,Villiers-le-Bel
11,33255.0,37340,Vaucresson,Vaucresson
12,33456.0,37541,Moisselles,Moisselles
13,33435.0,37520,Isle-Adam,Isle-Adam
14,22080.0,24948,Saint-Crépin-Ibouvillers,Saint-Crépin-Ibouvillers
15,33435.0,37520,Isle-Adam,Isle-Adam
16,33442.0,37527,Louvres,Louvres
18,33442.0,37527,Louvres,Louvres
19,33404.0,37490,Epiais-lès-Louvres,Épiais-lès-Louvres
23,33404.0,37490,Epiais-lès-Louvres,Épiais-lès-Louvres
26,33491.0,37576,Saint-Brice-sous-Forêt,Saint-Brice-sous-Forêt
27,36592.0,31674,Paris 15e arrondissement,Paris 15e Arrondissement
29,36592.0,31674,Paris 15e arrondissement,Paris 15e Arrondissement
30,29377.0,33013,Chatou,Chatou
33,33401.0,37487,Ecouen,Écouen
35,33401.0,37487,Ecouen,Écouen
37,21559.0,24388,Amblainville,Amblainville
41,33422.0,37507,Gonesse,Gonesse
43,33401.0,37487,Ecouen,Écouen
47,33401.0,37487,Ecouen,Écouen
48,33386.0,37472,Chaumontel,Chaumontel
49,33386.0,37472,Chaumontel,Chaumontel
52,33386.0,37472,Chaumontel,Chaumontel
56,33442.0,37527,Louvres,Louvres
58,33250.0,37335,Saint-Cloud,Saint-Cloud
62,33250.0,37335,Saint-Cloud,Saint-Cloud
63,33439.0,37524,Lassy,Lassy
64,33439.0,37524,Lassy,Lassy
66,33439.0,37524,Lassy,Lassy
67,33386.0,37472,Chaumontel,Chaumontel
69,33386.0,37472,Chaumontel,Chaumontel
72,33250.0,37335,Saint-Cloud,Saint-Cloud
73,33442.0,37527,Louvres,Louvres
76,33500.0,37585,Saint-Witz,Saint-Witz
80,33471.0,37556,Noisy-sur-Oise,Noisy-sur-Oise
81,33471.0,37556,Noisy-sur-Oise,Noisy-sur-Oise
83,33505.0,37590,Seugy,Seugy
84,33505.0,37590,Seugy,Seugy
86,21971.0,24829,Neuilly-en-Thelle,Neuilly-en-Thelle
87,21971.0,24829,Neuilly-en-Thelle,Neuilly-en-Thelle
89,21876.0,24728,Lamorlaye,Lamorlaye
90,21876.0,24728,Lamorlaye,Lamorlaye
92,21635.0,24468,Bornel,Bornel
95,33401.0,37487,Ecouen,Écouen
99,22138.0,25011,Thiverny,Thiverny
100,22138.0,25011,Thiverny,Thiverny
101,22138.0,25011,Thiverny,Thiverny
102,22138.0,25011,Thiverny,Thiverny
104,33233.0,37317,Clichy,Clichy
106,33233.0,37317,Clichy,Clichy
108,21923.0,24778,Mesnil-en-Thelle,Mesnil-en-Thelle
113,33284.0,37369,Pierrefitte-sur-Seine,Pierrefitte-sur-Seine
114,33227.0,37311,Boulogne-Billancourt,Boulogne-Billancourt
115,33246.0,37331,Neuilly-sur-Seine,Neuilly-sur-Seine
116,33227.0,37311,Boulogne-Billancourt,Boulogne-Billancourt
117,33227.0,37311,Boulogne-Billancourt,Boulogne-Billancourt
118,33443.0,37528,Luzarches,Luzarches
120,33443.0,37528,Luzarches,Luzarches
121,33500.0,37585,Saint-Witz,Saint-Witz
126,33401.0,37487,Ecouen,Écouen
127,22022.0,24887,Pont-Sainte-Maxence,Pont-Sainte-Maxence
133,33505.0,37590,Seugy,Seugy
134,33505.0,37590,Seugy,Seugy
139,33360.0,37446,Beaumont-sur-Oise,Beaumont-sur-Oise
140,33443.0,37528,Luzarches,Luzarches
142,33443.0,37528,Luzarches,Luzarches
144,33423.0,37508,Goussainville,Goussainville
149,33401.0,37487,Ecouen,Écouen
151,33360.0,37446,Beaumont-sur-Oise,Beaumont-sur-Oise
152,33360.0,37446,Beaumont-sur-Oise,Beaumont-sur-Oise
157,33443.0,37528,Luzarches,Luzarches
158,33353.0,37439,Asnières-sur-Oise,Asnières-sur-Oise
160,33353.0,37439,Asnières-sur-Oise,Asnières-sur-Oise
161,36596.0,31678,Paris 19e arrondissement,Paris 19e Arrondissement
165,36596.0,31678,Paris 19e arrondissement,Paris 19e Arrondissement
167,33353.0,37439,Asnières-sur-Oise,Asnières-sur-Oise
168,33353.0,37439,Asnières-sur-Oise,Asnières-sur-Oise
170,33353.0,37439,Asnières-sur-Oise,Asnières-sur-Oise
171,33401.0,37487,Ecouen,Écouen
175,33401.0,37487,Ecouen,Écouen
176,33423.0,37508,Goussainville,Goussainville
182,33526.0,37611,Villiers-le-Bel,Villiers-le-Bel
183,33443.0,37528,Luzarches,Luzarches
185,33443.0,37528,Luzarches,Luzarches
186,33443.0,37528,Luzarches,Luzarches
189,33443.0,37528,Luzarches,Luzarches
190,33423.0,37508,Goussainville,Goussainville
192,33423.0,37508,Goussainville,Goussainville
193,33443.0,37528,Luzarches,Luzarches
195,33443.0,37528,Luzarches,Luzarches
200,33360.0,37446,Beaumont-sur-Oise,Beaumont-sur-Oise
202,33423.0,37508,Goussainville,Goussainville
203,33360.0,37446,Beaumont-sur-Oise,Beaumont-sur-Oise
204,33423.0,37508,Goussainville,Goussainville
205,33360.0,37446,Beaumont-sur-Oise,Beaumont-sur-Oise
206,29564.0,33212,Versailles,Versailles
211,29564.0,33212,Versailles,Versailles
212,29564.0,33212,Versailles,Versailles
216,33442.0,37527,Louvres,Louvres
217,33250.0,37335,Saint-Cloud,Saint-Cloud
220,33442.0,37527,Louvres,Louvres
225,21682.0,24519,Chambly,Chambly
226,21682.0,24519,Chambly,Chambly
229,33386.0,37472,Chaumontel,Chaumontel
230,33442.0,37527,Louvres,Louvres
232,33423.0,37508,Goussainville,Goussainville
234,33435.0,37520,Isle-Adam,Isle-Adam
236,33435.0,37520,Isle-Adam,Isle-Adam
238,33443.0,37528,Luzarches,Luzarches
239,33519.0,37604,Viarmes,Viarmes
240,33423.0,37508,Goussainville,Goussainville
243,33360.0,37446,Beaumont-sur-Oise,Beaumont-sur-Oise
244,36589.0,31671,Paris 12e arrondissement,Paris 12e Arrondissement
245,33519.0,37604,Viarmes,Viarmes
247,33423.0,37508,Goussainville,Goussainville
249,22138.0,25011,Thiverny,Thiverny
250,29564.0,33212,Versailles,Versailles
251,29564.0,33212,Versailles,Versailles
252,33256.0,37341,Ville-d'Avray,Ville-d'Avray
253,33256.0,37341,Ville-d'Avray,Ville-d'Avray
255,29564.0,33212,Versailles,Versailles
257,33439.0,37524,Lassy,Lassy
258,33439.0,37524,Lassy,Lassy
259,29564.0,33212,Versailles,Versailles
260,29564.0,33212,Versailles,Versailles
261,29564.0,33212,Versailles,Versailles
262,29564.0,33212,Versailles,Versailles
263,29564.0,33212,Versailles,Versailles
268,21876.0,24728,Lamorlaye,Lamorlaye
269,33505.0,37590,Seugy,Seugy
273,33505.0,37590,Seugy,Seugy
276,33423.0,37508,Goussainville,Goussainville
279,33443.0,37528,Luzarches,Luzarches
280,33471.0,37556,Noisy-sur-Oise,Noisy-sur-Oise
283,21682.0,24519,Chambly,Chambly
284,21682.0,24519,Chambly,Chambly
285,33526.0,37611,Villiers-le-Bel,Villiers-le-Bel
287,33526.0,37611,Villiers-le-Bel,Villiers-le-Bel
290,33360.0,37446,Beaumont-sur-Oise,Beaumont-sur-Oise
294,33360.0,37446,Beaumont-sur-Oise,Beaumont-sur-Oise
295,33443.0,37528,Luzarches,Luzarches
299,33443.0,37528,Luzarches,Luzarches
305,33250.0,37335,Saint-Cloud,Saint-Cloud
306,21923.0,24778,Mesnil-en-Thelle,Mesnil-en-Thelle
307,21923.0,24778,Mesnil-en-Thelle,Mesnil-en-Thelle
312,21559.0,24388,Amblainville,Amblainville
314,33445.0,37530,Magny-en-Vexin,Magny-en-Vexin
315,33445.0,37530,Magny-en-Vexin,Magny-en-Vexin
316,33423.0,37508,Goussainville,Goussainville
319,33435.0,37520,Isle-Adam,Isle-Adam
320,33435.0,37520,Isle-Adam,Isle-Adam
324,29564.0,33212,Versailles,Versailles
325,29564.0,33212,Versailles,Versailles
328,37568.0,31679,Paris 20,Paris 20e Arrondissement
329,33443.0,37528,Luzarches,Luzarches
332,33443.0,37528,Luzarches,Luzarches
333,21923.0,24778,Mesnil-en-Thelle,Mesnil-en-Thelle
335,29564.0,33212,Versailles,Versailles
336,29564.0,33212,Versailles,Versailles
337,29564.0,33212,Versailles,Versailles
340,33519.0,37604,Viarmes,Viarmes
341,33519.0,37604,Viarmes,Viarmes
345,33443.0,37528,Luzarches,Luzarches
346,33443.0,37528,Luzarches,Luzarches
350,33503.0,37588,Sarcelles,Sarcelles
352,33519.0,37604,Viarmes,Viarmes
355,33519.0,37604,Viarmes,Viarmes
359,33485.0,37570,Puiseux-en-France,Puiseux-en-France
360,33485.0,37570,Puiseux-en-France,Puiseux-en-France
362,33439.0,37524,Lassy,Lassy
363,36588.0,31670,Paris 11e arrondissement,Paris 11e Arrondissement
368,33526.0,37611,Villiers-le-Bel,Villiers-le-Bel
374,33505.0,37590,Seugy,Seugy
375,33505.0,37590,Seugy,Seugy
377,21923.0,24778,Mesnil-en-Thelle,Mesnil-en-Thelle
378,21923.0,24778,Mesnil-en-Thelle,Mesnil-en-Thelle
380,22022.0,24887,Pont-Sainte-Maxence,Pont-Sainte-Maxence
383,33477.0,37562,Persan,Persan
384,33477.0,37562,Persan,Persan
386,33423.0,37508,Goussainville,Goussainville
387,33423.0,37508,Goussainville,Goussainville
389,22018.0,24883,Pontarmé,Pontarmé
395,33517.0,37602,Vémars,Vémars
396,33517.0,37602,Vémars,Vémars
400,21684.0,24521,Chantilly,Chantilly
401,21684.0,24521,Chantilly,Chantilly
404,33446.0,37531,Mareil-en-France,Mareil-en-France
408,33409.0,37495,Ezanville,Ézanville
414,33373.0,37459,Bouqueval,Bouqueval
417,33503.0,37588,Sarcelles,Sarcelles
420,33401.0,37487,Ecouen,Écouen
421,29530.0,33177,Saint-Germain-en-Laye,Saint-Germain-en-Laye
422,29371.0,33007,Celle-Saint-Cloud,Celle-Saint-Cloud
425,33259.0,37344,Aulnay-sous-Bois,Aulnay-sous-Bois
426,33259.0,37344,Aulnay-sous-Bois,Aulnay-sous-Bois
428,33435.0,37520,Isle-Adam,Isle-Adam
432,33443.0,37528,Luzarches,Luzarches
433,33443.0,37528,Luzarches,Luzarches
436,21876.0,24728,Lamorlaye,Lamorlaye
437,29371.0,33007,Celle-Saint-Cloud,Celle-Saint-Cloud
439,33231.0,37315,Chaville,Chaville
440,33523.0,37608,Villeron,Villeron
443,33514.0,37599,Valmondois,Valmondois
445,33514.0,37599,Valmondois,Valmondois
448,33519.0,37604,Viarmes,Viarmes
449,33519.0,37604,Viarmes,Viarmes
455,33505.0,37590,Seugy,Seugy
456,33505.0,37590,Seugy,Seugy
460,33481.0,37566,Plessis-Gassot,Plessis-Gassot
461,29371.0,33007,Celle-Saint-Cloud,Celle-Saint-Cloud
462,29371.0,33007,Celle-Saint-Cloud,Celle-Saint-Cloud
463,29371.0,33007,Celle-Saint-Cloud,Celle-Saint-Cloud
465,6643.0,7344,Dijon,Dijon
466,6643.0,7344,Dijon,Dijon
468,33422.0,37507,Gonesse,Gonesse
469,33523.0,37608,Villeron,Villeron
471,21559.0,24388,Amblainville,Amblainville
475,33443.0,37528,Luzarches,Luzarches
476,33443.0,37528,Luzarches,Luzarches
478,33422.0,37507,Gonesse,Gonesse
481,33422.0,37507,Gonesse,Gonesse
486,33443.0,37528,Luzarches,Luzarches
487,33443.0,37528,Luzarches,Luzarches
491,28980.0,32581,Dammartin-en-Goële,Dammartin-en-Goële
495,28980.0,32581,Dammartin-en-Goële,Dammartin-en-Goële
498,33443.0,37528,Luzarches,Luzarches
500,33443.0,37528,Luzarches,Luzarches
502,33386.0,37472,Chaumontel,Chaumontel
503,33443.0,37528,Luzarches,Luzarches
507,33443.0,37528,Luzarches,Luzarches
512,33399.0,37485,Domont,Domont
513,33399.0,37485,Domont,Domont
515,33443.0,37528,Luzarches,Luzarches
518,33360.0,37446,Beaumont-sur-Oise,Beaumont-sur-Oise
519,33360.0,37446,Beaumont-sur-Oise,Beaumont-sur-Oise
522,33526.0,37611,Villiers-le-Bel,Villiers-le-Bel
526,33423.0,37508,Goussainville,Goussainville
527,36582.0,31664,Paris 5e arrondissement,Paris 5e Arrondissement
529,33401.0,37487,Ecouen,Écouen
530,36582.0,31664,Paris 5e arrondissement,Paris 5e Arrondissement
531,33253.0,37338,Suresnes,Suresnes
532,36582.0,31664,Paris 5e arrondissement,Paris 5e Arrondissement
533,29495.0,33140,Noisy-le-Roi,Noisy-le-Roi
534,33253.0,37338,Suresnes,Suresnes
538,33505.0,37590,Seugy,Seugy
539,33505.0,37590,Seugy,Seugy
540,33372.0,37458,Bouffémont,Bouffémont
544,33372.0,37458,Bouffémont,Bouffémont
551,33401.0,37487,Ecouen,Écouen
555,33442.0,37527,Louvres,Louvres
558,33423.0,37508,Goussainville,Goussainville
564,33259.0,37344,Aulnay-sous-Bois,Aulnay-sous-Bois
566,33386.0,37472,Chaumontel,Chaumontel
567,33386.0,37472,Chaumontel,Chaumontel
569,33519.0,37604,Viarmes,Viarmes
570,33519.0,37604,Viarmes,Viarmes
572,33443.0,37528,Luzarches,Luzarches
574,33443.0,37528,Luzarches,Luzarches
576,21682.0,24519,Chambly,Chambly
577,21682.0,24519,Chambly,Chambly
580,33505.0,37590,Seugy,Seugy
581,33523.0,37608,Villeron,Villeron
587,33401.0,37487,Ecouen,Écouen
590,33423.0,37508,Goussainville,Goussainville
593,33386.0,37472,Chaumontel,Chaumontel
594,33523.0,37608,Villeron,Villeron
597,33442.0,37527,Louvres,Louvres
601,33526.0,37611,Villiers-le-Bel,Villiers-le-Bel
606,33443.0,37528,Luzarches,Luzarches
610,33514.0,37599,Valmondois,Valmondois
615,33401.0,37487,Ecouen,Écouen
621,33363.0,37449,Belloy-en-France,Belloy-en-France
624,33443.0,37528,Luzarches,Luzarches
626,33401.0,37487,Ecouen,Écouen
628,33443.0,37528,Luzarches,Luzarches
631,29387.0,33025,Conflans-Sainte-Honorine,Conflans-Sainte-Honorine
641,33449.0,37534,Marly-la-Ville,Marly-la-Ville
646,29387.0,33025,Conflans-Sainte-Honorine,Conflans-Sainte-Honorine
647,29387.0,33025,Conflans-Sainte-Honorine,Conflans-Sainte-Honorine
648,29387.0,33025,Conflans-Sainte-Honorine,Conflans-Sainte-Honorine
651,33526.0,37611,Villiers-le-Bel,Villiers-le-Bel
654,33360.0,37446,Beaumont-sur-Oise,Beaumont-sur-Oise
655,33443.0,37528,Luzarches,Luzarches
657,33519.0,37604,Viarmes,Viarmes
659,33497.0,37582,Saint-Martin-du-Tertre,Saint-Martin-du-Tertre
669,21923.0,24778,Mesnil-en-Thelle,Mesnil-en-Thelle
672,33442.0,37527,Louvres,Louvres
675,21876.0,24728,Lamorlaye,Lamorlaye
676,21876.0,24728,Lamorlaye,Lamorlaye
681,36592.0,31674,Paris 15e arrondissement,Paris 15e Arrondissement
686,37569.0,31675,Paris 16,Paris 16e Arrondissement
687,37569.0,31675,Paris 16,Paris 16e Arrondissement
693,33423.0,37508,Goussainville,Goussainville
697,33270.0,37355,Epinay-sur-Seine,Épinay-sur-Seine
700,33477.0,37562,Persan,Persan
705,21711.0,24552,Coye-la-Forêt,Coye-la-Forêt
709,33401.0,37487,Ecouen,Écouen
714,33360.0,37446,Beaumont-sur-Oise,Beaumont-sur-Oise
715,33519.0,37604,Viarmes,Viarmes
716,33519.0,37604,Viarmes,Viarmes
719,33360.0,37446,Beaumont-sur-Oise,Beaumont-sur-Oise
722,33519.0,37604,Viarmes,Viarmes
727,33526.0,37611,Villiers-le-Bel,Villiers-le-Bel
731,33380.0,37466,Cergy,Cergy
733,33455.0,37540,Mesnil-Aubry,Mesnil-Aubry
734,33455.0,37540,Mesnil-Aubry,Mesnil-Aubry
742,33456.0,37541,Moisselles,Moisselles
745,33443.0,37528,Luzarches,Luzarches
749,33363.0,37449,Belloy-en-France,Belloy-en-France
754,33399.0,37485,Domont,Domont
755,33399.0,37485,Domont,Domont
758,33435.0,37520,Isle-Adam,Isle-Adam
760,33503.0,37588,Sarcelles,Sarcelles
765,33401.0,37487,Ecouen,Écouen
767,33443.0,37528,Luzarches,Luzarches
768,33443.0,37528,Luzarches,Luzarches
770,21971.0,24829,Neuilly-en-Thelle,Neuilly-en-Thelle
771,21971.0,24829,Neuilly-en-Thelle,Neuilly-en-Thelle
775,33519.0,37604,Viarmes,Viarmes
776,21559.0,24388,Amblainville,Amblainville
777,21559.0,24388,Amblainville,Amblainville
778,33442.0,37527,Louvres,Louvres
782,21711.0,24552,Coye-la-Forêt,Coye-la-Forêt
783,21559.0,24388,Amblainville,Amblainville
785,33523.0,37608,Villeron,Villeron
786,21559.0,24388,Amblainville,Amblainville
788,33439.0,37524,Lassy,Lassy
790,33439.0,37524,Lassy,Lassy
791,33439.0,37524,Lassy,Lassy
797,33443.0,37528,Luzarches,Luzarches
798,38061.0,35033,Toulon,Toulon
799,33372.0,37458,Bouffémont,Bouffémont
800,33372.0,37458,Bouffémont,Bouffémont
804,33360.0,37446,Beaumont-sur-Oise,Beaumont-sur-Oise
806,33360.0,37446,Beaumont-sur-Oise,Beaumont-sur-Oise
810,33404.0,37490,Epiais-lès-Louvres,Épiais-lès-Louvres
813,33442.0,37527,Louvres,Louvres
816,33442.0,37527,Louvres,Louvres
817,33442.0,37527,Louvres,Louvres
819,33443.0,37528,Luzarches,Luzarches
822,33360.0,37446,Beaumont-sur-Oise,Beaumont-sur-Oise
823,33360.0,37446,Beaumont-sur-Oise,Beaumont-sur-Oise
826,33442.0,37527,Louvres,Louvres
828,33519.0,37604,Viarmes,Viarmes
829,33519.0,37604,Viarmes,Viarmes
831,33442.0,37527,Louvres,Louvres
833,33423.0,37508,Goussainville,Goussainville
834,33423.0,37508,Goussainville,Goussainville
836,33449.0,37534,Marly-la-Ville,Marly-la-Ville
837,33482.0,37567,Plessis-Luzarches,Plessis-Luzarches
838,33449.0,37534,Marly-la-Ville,Marly-la-Ville
839,33449.0,37534,Marly-la-Ville,Marly-la-Ville
841,33449.0,37534,Marly-la-Ville,Marly-la-Ville
842,33449.0,37534,Marly-la-Ville,Marly-la-Ville
847,33228.0,37312,Bourg-la-Reine,Bourg-la-Reine
849,22115.0,24988,Senlis,Senlis
852,33456.0,37541,Moisselles,Moisselles
856,33443.0,37528,Luzarches,Luzarches
859,21876.0,24728,Lamorlaye,Lamorlaye
861,33386.0,37472,Chaumontel,Chaumontel
862,33386.0,37472,Chaumontel,Chaumontel
864,36655.0,37671,Sainte-Anne,Sainte-Anne
866,33442.0,37527,Louvres,Louvres
868,33519.0,37604,Viarmes,Viarmes
869,33519.0,37604,Viarmes,Viarmes
870,33442.0,37527,Louvres,Louvres
871,33442.0,37527,Louvres,Louvres
872,33442.0,37527,Louvres,Louvres
875,33460.0,37545,Montmagny,Montmagny
877,33503.0,37588,Sarcelles,Sarcelles
879,22115.0,24988,Senlis,Senlis
880,22115.0,24988,Senlis,Senlis
883,22022.0,24887,Pont-Sainte-Maxence,Pont-Sainte-Maxence
884,33485.0,37570,Puiseux-en-France,Puiseux-en-France
888,33485.0,37570,Puiseux-en-France,Puiseux-en-France
891,33423.0,37508,Goussainville,Goussainville
893,33442.0,37527,Louvres,Louvres
894,33523.0,37608,Villeron,Villeron
895,33523.0,37608,Villeron,Villeron
899,33423.0,37508,Goussainville,Goussainville
901,33423.0,37508,Goussainville,Goussainville
905,33360.0,37446,Beaumont-sur-Oise,Beaumont-sur-Oise
906,33360.0,37446,Beaumont-sur-Oise,Beaumont-sur-Oise
907,29560.0,33208,Vélizy-Villacoublay,Vélizy-Villacoublay
908,29560.0,33208,Vélizy-Villacoublay,Vélizy-Villacoublay
909,29352.0,32987,Bois-d'Arcy,Bois-d'Arcy
910,33389.0,37475,Chennevières-lès-Louvres,Chennevières-lès-Louvres
914,33523.0,37608,Villeron,Villeron
918,33443.0,37528,Luzarches,Luzarches
919,33443.0,37528,Luzarches,Luzarches
921,33363.0,37449,Belloy-en-France,Belloy-en-France
922,33363.0,37449,Belloy-en-France,Belloy-en-France
924,33442.0,37527,Louvres,Louvres
929,33505.0,37590,Seugy,Seugy
931,33386.0,37472,Chaumontel,Chaumontel
932,33443.0,37528,Luzarches,Luzarches
934,33443.0,37528,Luzarches,Luzarches
945,33386.0,37472,Chaumontel,Chaumontel
946,33386.0,37472,Chaumontel,Chaumontel
950,33353.0,37439,Asnières-sur-Oise,Asnières-sur-Oise
954,33386.0,37472,Chaumontel,Chaumontel
955,33443.0,37528,Luzarches,Luzarches
957,33386.0,37472,Chaumontel,Chaumontel
960,33526.0,37611,Villiers-le-Bel,Villiers-le-Bel
962,33526.0,37611,Villiers-le-Bel,Villiers-le-Bel
964,33360.0,37446,Beaumont-sur-Oise,Beaumont-sur-Oise
966,33360.0,37446,Beaumont-sur-Oise,Beaumont-sur-Oise
967,33507.0,37592,Survilliers,Survilliers
969,33507.0,37592,Survilliers,Survilliers
971,33360.0,37446,Beaumont-sur-Oise,Beaumont-sur-Oise
972,33360.0,37446,Beaumont-sur-Oise,Beaumont-sur-Oise
977,33523.0,37608,Villeron,Villeron
981,33443.0,37528,Luzarches,Luzarches
985,33485.0,37570,Puiseux-en-France,Puiseux-en-France
994,36593.0,31675,Paris 16e arrondissement,Paris 16e Arrondissement
993,33360.0,37446,Beaumont-sur-Oise,Beaumont-sur-Oise
996,37560.0,31671,Paris 12,Paris 12e Arrondissement
1001,33519.0,37604,Viarmes,Viarmes
1003,33519.0,37604,Viarmes,Viarmes
1004,33269.0,37354,Dugny,Dugny
1005,33517.0,37602,Vémars,Vémars
1006,33517.0,37602,Vémars,Vémars
1013,33435.0,37520,Isle-Adam,Isle-Adam
1018,33488.0,37573,Roissy-en-France,Roissy-en-France
1019,33442.0,37527,Louvres,Louvres
1020,33442.0,37527,Louvres,Louvres
1021,33442.0,37527,Louvres,Louvres
1022,33423.0,37508,Goussainville,Goussainville
1023,33423.0,37508,Goussainville,Goussainville
1028,33523.0,37608,Villeron,Villeron
1029,33511.0,37596,Thillay,Thillay
1030,33511.0,37596,Thillay,Thillay
1031,33511.0,37596,Thillay,Thillay
1035,33517.0,37602,Vémars,Vémars
1036,33517.0,37602,Vémars,Vémars
1038,33443.0,37528,Luzarches,Luzarches
1039,33443.0,37528,Luzarches,Luzarches
1041,33443.0,37528,Luzarches,Luzarches
1042,33399.0,37485,Domont,Domont
1044,33399.0,37485,Domont,Domont
1045,33423.0,37508,Goussainville,Goussainville
1046,33423.0,37508,Goussainville,Goussainville
1047,33511.0,37596,Thillay,Thillay
1051,33483.0,37568,Pontoise,Pontoise
1052,33503.0,37588,Sarcelles,Sarcelles
1054,33269.0,37354,Dugny,Dugny
1056,33505.0,37590,Seugy,Seugy
1058,33360.0,37446,Beaumont-sur-Oise,Beaumont-sur-Oise
1070,33360.0,37446,Beaumont-sur-Oise,Beaumont-sur-Oise
1074,21682.0,24519,Chambly,Chambly
1075,21682.0,24519,Chambly,Chambly
1076,33231.0,37315,Chaville,Chaville
1077,29441.0,33083,Jouars-Pontchartrain,Jouars-Pontchartrain
1078,33231.0,37315,Chaville,Chaville
1079,21920.0,24775,Méru,Méru
1081,21920.0,24775,Méru,Méru
1084,29371.0,33007,Celle-Saint-Cloud,Celle-Saint-Cloud
1086,33250.0,37335,Saint-Cloud,Saint-Cloud
1089,33484.0,37569,Presles,Presles
1092,33470.0,37555,Nointel,Nointel
1097,33399.0,37485,Domont,Domont
1099,33399.0,37485,Domont,Domont
1103,33360.0,37446,Beaumont-sur-Oise,Beaumont-sur-Oise
1105,33360.0,37446,Beaumont-sur-Oise,Beaumont-sur-Oise
1108,33505.0,37590,Seugy,Seugy
1110,22095.0,24964,Saint-Martin-le-Noeud,Saint-Martin-le-Nœud
1111,22095.0,24964,Saint-Martin-le-Noeud,Saint-Martin-le-Nœud
1112,22095.0,24964,Saint-Martin-le-Noeud,Saint-Martin-le-Nœud
1113,22095.0,24964,Saint-Martin-le-Noeud,Saint-Martin-le-Nœud
1117,33455.0,37540,Mesnil-Aubry,Mesnil-Aubry
1120,33485.0,37570,Puiseux-en-France,Puiseux-en-France
1121,33485.0,37570,Puiseux-en-France,Puiseux-en-France
1122,37569.0,31675,Paris 16,Paris 16e Arrondissement
1123,29564.0,33212,Versailles,Versailles
1124,29564.0,33212,Versailles,Versailles
1125,29564.0,33212,Versailles,Versailles
1130,33519.0,37604,Viarmes,Viarmes
1132,33443.0,37528,Luzarches,Luzarches
1133,33443.0,37528,Luzarches,Luzarches
1134,29564.0,33212,Versailles,Versailles
1135,29564.0,33212,Versailles,Versailles
1139,33422.0,37507,Gonesse,Gonesse
1140,33422.0,37507,Gonesse,Gonesse
1143,33363.0,37449,Belloy-en-France,Belloy-en-France
1147,33354.0,37440,Attainville,Attainville
1149,21711.0,24552,Coye-la-Forêt,Coye-la-Forêt
1150,21711.0,24552,Coye-la-Forêt,Coye-la-Forêt
1155,29371.0,33007,Celle-Saint-Cloud,Celle-Saint-Cloud
1158,33523.0,37608,Villeron,Villeron
1161,33360.0,37446,Beaumont-sur-Oise,Beaumont-sur-Oise
1167,33360.0,37446,Beaumont-sur-Oise,Beaumont-sur-Oise
1169,33360.0,37446,Beaumont-sur-Oise,Beaumont-sur-Oise
1171,33497.0,37582,Saint-Martin-du-Tertre,Saint-Martin-du-Tertre
1173,33497.0,37582,Saint-Martin-du-Tertre,Saint-Martin-du-Tertre
1178,33360.0,37446,Beaumont-sur-Oise,Beaumont-sur-Oise
1182,33362.0,37448,Bellefontaine,Bellefontaine
1183,33362.0,37448,Bellefontaine,Bellefontaine
1184,36597.0,31679,Paris 20e arrondissement,Paris 20e Arrondissement
1186,33360.0,37446,Beaumont-sur-Oise,Beaumont-sur-Oise
1187,33443.0,37528,Luzarches,Luzarches
1189,22115.0,24988,Senlis,Senlis
1194,33422.0,37507,Gonesse,Gonesse
1195,36593.0,31675,Paris 16e arrondissement,Paris 16e Arrondissement
1196,36583.0,31665,Paris 6e arrondissement,Paris 6e Arrondissement
1197,36593.0,31675,Paris 16e arrondissement,Paris 16e Arrondissement
1200,33401.0,37487,Ecouen,Écouen
1204,33423.0,37508,Goussainville,Goussainville
1209,23887.0,26899,Saint-Saturnin,Saint-Saturnin
1210,29371.0,33007,Celle-Saint-Cloud,Celle-Saint-Cloud
1212,36592.0,31674,Paris 15e arrondissement,Paris 15e Arrondissement
1215,36592.0,31674,Paris 15e arrondissement,Paris 15e Arrondissement
1217,29371.0,33007,Celle-Saint-Cloud,Celle-Saint-Cloud
1218,36590.0,31672,Paris 13e arrondissement,Paris 13e Arrondissement
1220,37561.0,31672,Paris 13,Paris 13e Arrondissement
1223,33250.0,37335,Saint-Cloud,Saint-Cloud
1225,36593.0,31675,Paris 16e arrondissement,Paris 16e Arrondissement
1227,36597.0,31679,Paris 20e arrondissement,Paris 20e Arrondissement
1228,36597.0,31679,Paris 20e arrondissement,Paris 20e Arrondissement
1229,36597.0,31679,Paris 20e arrondissement,Paris 20e Arrondissement
1231,36597.0,31679,Paris 20e arrondissement,Paris 20e Arrondissement
1232,33523.0,37608,Villeron,Villeron
1241,33519.0,37604,Viarmes,Viarmes
1242,36592.0,31674,Paris 15e arrondissement,Paris 15e Arrondissement
1244,36592.0,31674,Paris 15e arrondissement,Paris 15e Arrondissement
1246,29564.0,33212,Versailles,Versailles
1249,33227.0,37311,Boulogne-Billancourt,Boulogne-Billancourt
1251,29371.0,33007,Celle-Saint-Cloud,Celle-Saint-Cloud
1253,36584.0,31666,Paris 7e arrondissement,Paris 7e Arrondissement
1254,36584.0,31666,Paris 7e arrondissement,Paris 7e Arrondissement
1255,33485.0,37570,Puiseux-en-France,Puiseux-en-France
1258,29564.0,33212,Versailles,Versailles
1259,29564.0,33212,Versailles,Versailles
1267,33245.0,37330,Nanterre,Nanterre
1271,33245.0,37330,Nanterre,Nanterre
1276,33442.0,37527,Louvres,Louvres
1278,29371.0,33007,Celle-Saint-Cloud,Celle-Saint-Cloud
1280,36592.0,31674,Paris 15e arrondissement,Paris 15e Arrondissement
1281,36584.0,31666,Paris 7e arrondissement,Paris 7e Arrondissement
1286,33523.0,37608,Villeron,Villeron
1287,33442.0,37527,Louvres,Louvres
1289,33442.0,37527,Louvres,Louvres
1293,6643.0,7344,Dijon,Dijon
1294,6643.0,7344,Dijon,Dijon
1295,6643.0,7344,Dijon,Dijon
1296,6643.0,7344,Dijon,Dijon
1297,33442.0,37527,Louvres,Louvres
1298,33442.0,37527,Louvres,Louvres
1302,37554.0,31665,Paris 06,Paris 6e Arrondissement
1309,29463.0,33106,Marly-le-Roi,Marly-le-Roi
1316,33442.0,37527,Louvres,Louvres
1317,21559.0,24388,Amblainville,Amblainville
1318,21559.0,24388,Amblainville,Amblainville
1320,29562.0,33210,Vernouillet,Vernouillet
1321,29562.0,33210,Vernouillet,Vernouillet
1323,21559.0,24388,Amblainville,Amblainville
1324,37554.0,31665,Paris 06,Paris 6e Arrondissement
1332,33449.0,37534,Marly-la-Ville,Marly-la-Ville
1333,33256.0,37341,Ville-d'Avray,Ville-d'Avray
1334,33250.0,37335,Saint-Cloud,Saint-Cloud
1340,29369.0,33005,Carrières-sur-Seine,Carrières-sur-Seine
1342,6643.0,7344,Dijon,Dijon
1344,21559.0,24388,Amblainville,Amblainville
1346,29530.0,33177,Saint-Germain-en-Laye,Saint-Germain-en-Laye
1348,29371.0,33007,Celle-Saint-Cloud,Celle-Saint-Cloud
1350,29564.0,33212,Versailles,Versailles
1356,33442.0,37527,Louvres,Louvres
1357,33442.0,37527,Louvres,Louvres
1358,33442.0,37527,Louvres,Louvres
1359,37563.0,31674,Paris 15,Paris 15e Arrondissement
1360,36548.0,37319,Courbevoie,Courbevoie
1361,37561.0,31672,Paris 13,Paris 13e Arrondissement
1362,36409.0,37308,Asnières-sur-Seine,Asnières-sur-Seine
1363,33233.0,37317,Clichy,Clichy
1366,33245.0,37330,Nanterre,Nanterre
1368,33250.0,37335,Saint-Cloud,Saint-Cloud
1375,33485.0,37570,Puiseux-en-France,Puiseux-en-France
1381,33442.0,37527,Louvres,Louvres
1384,29136.0,32750,Moussy-le-Neuf,Moussy-le-Neuf
1388,37555.0,31666,Paris 07,Paris 7e Arrondissement
1391,33304.0,37390,Champigny-sur-Marne,Champigny-sur-Marne
1392,1902.0,2098,Saint-Laurent-du-Var,Saint-Laurent-du-Var
1393,1902.0,2098,Saint-Laurent-du-Var,Saint-Laurent-du-Var
1394,33485.0,37570,Puiseux-en-France,Puiseux-en-France
1395,33485.0,37570,Puiseux-en-France,Puiseux-en-France
1397,33485.0,37570,Puiseux-en-France,Puiseux-en-France
1400,33442.0,37527,Louvres,Louvres
1402,1902.0,2098,Saint-Laurent-du-Var,Saint-Laurent-du-Var
1405,33442.0,37527,Louvres,Louvres
1411,29371.0,33007,Celle-Saint-Cloud,Celle-Saint-Cloud
1414,33500.0,37585,Saint-Witz,Saint-Witz
1417,33442.0,37527,Louvres,Louvres
1419,36589.0,31671,Paris 12e arrondissement,Paris 12e Arrondissement
1423,33522.0,37607,Villaines-sous-Bois,Villaines-sous-Bois
1428,33485.0,37570,Puiseux-en-France,Puiseux-en-France
1429,33500.0,37585,Saint-Witz,Saint-Witz
1431,29396.0,33035,Ecquevilly,Ecquevilly
1442,33442.0,37527,Louvres,Louvres
1443,33442.0,37527,Louvres,Louvres
1446,29371.0,33007,Celle-Saint-Cloud,Celle-Saint-Cloud
1449,33442.0,37527,Louvres,Louvres
1451,33485.0,37570,Puiseux-en-France,Puiseux-en-France
1452,33485.0,37570,Puiseux-en-France,Puiseux-en-France
1457,33372.0,37458,Bouffémont,Bouffémont
1461,29371.0,33007,Celle-Saint-Cloud,Celle-Saint-Cloud
1468,36580.0,31662,Paris 3e arrondissement,Paris 3e Arrondissement
1471,29371.0,33007,Celle-Saint-Cloud,Celle-Saint-Cloud
1472,10013.0,11115,Vernouillet,Vernouillet
1474,33442.0,37527,Louvres,Louvres
1478,33523.0,37608,Villeron,Villeron
1481,33523.0,37608,Villeron,Villeron
1484,29453.0,33096,Louveciennes,Louveciennes
1492,6583.0,7280,Chenôve,Chenôve
1494,33517.0,37602,Vémars,Vémars
1495,33517.0,37602,Vémars,Vémars
1496,6583.0,7280,Chenôve,Chenôve
1497,7155.0,8030,Hermitage-Lorge,Plœuc-L'Hermitage
1498,36593.0,31675,Paris 16e arrondissement,Paris 16e Arrondissement
1502,33249.0,37334,Rueil-Malmaison,Rueil-Malmaison
1503,37563.0,31674,Paris 15,Paris 15e Arrondissement
1504,37563.0,31674,Paris 15,Paris 15e Arrondissement
1505,33290.0,37375,Saint-Ouen,Saint-Ouen-sur-Seine
1506,37563.0,31674,Paris 15,Paris 15e Arrondissement
1507,33290.0,37375,Saint-Ouen,Saint-Ouen-sur-Seine
1508,29530.0,33177,Saint-Germain-en-Laye,Saint-Germain-en-Laye
1509,29377.0,33013,Chatou,Chatou
1510,33098.0,37171,Draveil,Draveil
1511,33290.0,37375,Saint-Ouen,Saint-Ouen-sur-Seine
1512,33290.0,37375,Saint-Ouen,Saint-Ouen-sur-Seine
1513,33380.0,37466,Cergy,Cergy
1514,37563.0,31674,Paris 15,Paris 15e Arrondissement
1515,37563.0,31674,Paris 15,Paris 15e Arrondissement
1516,37563.0,31674,Paris 15,Paris 15e Arrondissement
1521,29371.0,33007,Celle-Saint-Cloud,Celle-Saint-Cloud
1522,29371.0,33007,Celle-Saint-Cloud,Celle-Saint-Cloud
1544,33442.0,37527,Louvres,Louvres
1551,29360.0,32995,Bougival,Bougival
1555,37563.0,31674,Paris 15,Paris 15e Arrondissement
1558,33442.0,37527,Louvres,Louvres
1559,33292.0,37377,Stains,Stains
1560,33292.0,37377,Stains,Stains
1561,33292.0,37377,Stains,Stains
1562,33517.0,37602,Vémars,Vémars
1563,33517.0,37602,Vémars,Vémars
1565,33517.0,37602,Vémars,Vémars
1567,33442.0,37527,Louvres,Louvres
1572,33523.0,37608,Villeron,Villeron
